,1.0,2.0,3.0,4.0,5.0,accuracy,macro avg,weighted avg
precision,0.327150084317032,0.13414634146341464,0.22990654205607478,0.38409703504043125,0.6523297491039427,0.3794935917474211,0.3455259503961791,0.45388952965179624
recall,0.5373961218836565,0.33,0.28211009174311924,0.33294392523364486,0.40564635958395245,0.3794935917474211,0.3776192996888746,0.3794935917474211
f1-score,0.4067085953878406,0.19075144508670522,0.2533470648815654,0.35669586983729656,0.5002290426019239,0.3794935917474211,0.3415464035590664,0.3982717624769082
support,361.0,200.0,436.0,856.0,1346.0,0.3794935917474211,3199.0,3199.0
