,1.0,2.0,3.0,4.0,5.0,accuracy,macro avg,weighted avg
precision,0.3771106941838649,0.13786008230452676,0.24354243542435425,0.39285714285714285,0.6689342403628118,0.40231322288215066,0.36406091902654014,0.470948634173291
recall,0.556786703601108,0.335,0.30275229357798167,0.3469626168224299,0.43833580980683506,0.40231322288215066,0.39596748476167093,0.40231322288215066
f1-score,0.4496644295302013,0.19533527696793002,0.26993865030674846,0.36848635235732,0.5296229802513465,0.40231322288215066,0.3626095378827093,0.421189751492313
support,361.0,200.0,436.0,856.0,1346.0,0.40231322288215066,3199.0,3199.0
